internalId,pokemon_id,pokemon_name,rarity,sleep_style_name,snorlax_level,level_order,is_on_snorlax,is_leader_exclusion,spo_id,spo
10,52,喵喵,1,窩起來睡,普通1,0,false,false,1,2
11,52,喵喵,2,坐著睡,普通1,0,false,false,11,60
12,52,喵喵,3,聚寶功睡,超級1,5,false,false,25,219
16,1,妙蛙種子,1,光合作用睡,普通1,0,false,false,3,11
17,1,妙蛙種子,2,撐地睡,普通1,0,false,false,13,74
18,1,妙蛙種子,3,伸出藤蔓睡,超級1,5,false,false,27,261
19,2,妙蛙草,1,光合作用睡,普通3,2,false,false,14,83
20,2,妙蛙草,2,撐地睡,超級2,6,false,false,24,203
21,2,妙蛙草,3,伸出藤蔓睡,高級3,12,false,false,38,583
64,3,妙蛙花,1,光合作用睡,高級4,13,false,false,32,377
65,3,妙蛙花,2,撐地睡,大師3,17,false,false,42,757
66,3,妙蛙花,3,伸出藤蔓睡,大師9,23,false,false,56,1652
67,175,波克比,1,滾滾睡,普通1,0,false,false,3,11
68,175,波克比,2,朝天睡,普通1,0,false,false,13,74
69,175,波克比,3,殼中睡,普通5,4,false,false,27,261
106,69,喇叭芽,1,伸腳睡,普通1,0,false,false,1,2
107,69,喇叭芽,2,溶解液睡,普通1,0,false,false,9,48
108,69,喇叭芽,3,扎根睡,普通5,4,false,false,23,188
109,70,口呆花,1,溶解液睡,普通1,0,false,false,9,48
110,70,口呆花,2,飄浮睡,普通5,4,false,false,19,133
111,70,口呆花,3,黏著睡,高級1,10,false,false,33,407
127,84,嘟嘟,1,放哨睡,普通1,0,false,false,1,2
128,84,嘟嘟,2,放哨偷懶睡,普通1,0,false,false,8,41
129,84,嘟嘟,3,雙胞胎睡,普通5,4,false,false,22,173
139,152,菊草葉,1,轉葉子睡,普通1,0,false,false,3,11
140,152,菊草葉,2,垂葉子睡,普通1,0,false,false,13,74
141,152,菊草葉,3,肚子朝天睡,超級1,5,false,false,27,261
142,153,月桂葉,1,伸展睡,普通3,2,false,false,14,83
143,153,月桂葉,2,甩甩花苞睡,超級2,6,false,false,24,203
144,153,月桂葉,3,散發香氣睡,高級3,12,false,false,38,583
148,202,果然翁,1,藏尾巴睡,普通1,0,false,false,4,15
149,202,果然翁,2,忍耐睡,普通2,1,false,false,14,83
150,202,果然翁,3,招牌姿勢睡,超級3,7,false,false,28,285
160,360,小果然,1,尾巴回原位睡,普通1,0,false,false,1,2
161,360,小果然,2,忍耐睡,普通1,0,false,false,8,41
162,360,小果然,3,招牌姿勢睡,普通5,4,false,false,22,173
175,53,貓老大,1,優雅睡,普通5,4,false,false,14,83
176,53,貓老大,2,撐地睡,超級4,8,false,false,24,203
177,53,貓老大,3,道歉睡,高級5,14,false,false,38,583
187,71,大食花,1,哈呼哈呼睡,高級1,10,false,false,27,261
188,71,大食花,2,藤蔓撐著睡,高級5,14,false,false,37,548
189,71,大食花,3,朝天睡,大師6,20,false,false,51,1265
199,85,嘟嘟利,1,放哨睡,普通4,3,false,false,9,48
200,85,嘟嘟利,2,放哨偷懶睡,超級3,7,false,false,19,133
201,85,嘟嘟利,3,三胞胎睡,高級4,13,false,false,33,407
211,132,百變怪,1,變成石頭睡,普通4,3,false,true,20,144
212,132,百變怪,2,原樣睡,超級3,7,false,true,30,334
232,154,大竺葵,1,安穩睡,高級4,13,false,false,32,377
233,154,大竺葵,2,甩脖子睡,大師3,17,false,false,42,757
234,154,大竺葵,3,遍地開花睡,大師9,23,false,false,56,1652
241,176,波克基古,1,坐著揮翅睡,普通3,2,false,false,10,55
242,176,波克基古,2,立著揮翅睡,超級2,6,false,false,20,144
243,176,波克基古,3,浮空拍翅睡,高級3,12,false,false,34,438
247,196,太陽伊布,1,預知睡,高級4,13,false,false,31,355
248,196,太陽伊布,2,端坐睡,大師3,17,false,false,41,714
249,196,太陽伊布,3,肚子朝天睡,大師9,23,false,false,55,1554
268,470,葉伊布,1,搖尾巴睡,高級4,13,false,false,31,355
269,470,葉伊布,2,撐地睡,大師3,17,false,false,41,714
270,470,葉伊布,3,抓葉子睡,大師9,23,false,false,55,1554
327,132,百變怪,4,快龍睡,超級4,8,false,true,48,1077
328,1,妙蛙種子,4,大肚上睡,超級1,5,true,false,31,355
329,2,妙蛙草,4,大肚上睡,高級1,10,true,false,42,757
330,3,妙蛙花,4,大肚上睡,大師4,18,true,false,60,2029
348,52,喵喵,4,大肚上睡,超級1,5,true,false,29,310
349,53,貓老大,4,大肚上睡,高級1,10,true,false,42,757
356,69,喇叭芽,4,大肚上睡,超級1,5,true,false,27,261
357,70,口呆花,4,大肚上睡,超級1,5,true,false,37,548
358,71,大食花,4,大肚上睡,大師1,15,true,false,55,1554
364,84,嘟嘟,4,大肚上睡,超級1,5,true,false,26,240
365,85,嘟嘟利,4,大肚上睡,超級4,8,true,false,37,548
371,132,百變怪,4,大肚上睡,超級4,8,true,true,48,1077
379,152,菊草葉,4,大肚上睡,超級1,5,true,false,31,355
380,153,月桂葉,4,大肚上睡,超級3,7,true,false,42,757
381,154,大竺葵,4,大肚上睡,大師4,18,true,false,60,2029
390,175,波克比,4,大肚上睡,超級1,5,true,false,31,355
391,176,波克基古,4,大肚上睡,超級3,7,true,false,38,583
396,196,太陽伊布,4,大肚上睡,大師4,18,true,false,59,1924
399,202,果然翁,4,大肚上睡,高級1,10,true,false,32,377
415,360,小果然,4,大肚上睡,超級1,5,true,false,26,240
425,470,葉伊布,4,大肚上睡,大師4,18,true,false,59,1924
436,173,皮寶寶,1,滾滾睡,普通1,0,false,true,3,11
437,173,皮寶寶,2,打盹睡,普通1,0,false,true,13,74
438,173,皮寶寶,3,朝天睡,超級1,5,false,true,27,261
439,173,皮寶寶,4,大肚上睡,高級1,10,true,true,31,355
440,35,皮皮,1,安穩睡,普通1,0,false,true,6,25
441,35,皮皮,2,打盹睡,普通2,1,false,true,16,103
442,35,皮皮,3,揮指睡,超級3,7,false,true,30,334
443,35,皮皮,4,大肚上睡,高級1,10,true,true,34,438
444,36,皮可西,1,安穩睡,高級2,11,false,true,32,377
445,36,皮可西,2,打盹睡,大師1,15,false,true,42,757
446,36,皮可西,3,揮指睡,大師7,21,false,true,56,1652
447,36,皮可西,4,大肚上睡,大師6,20,true,true,60,2029
472,147,迷你龍,1,盤圈睡,普通1,0,false,false,4,15
473,147,迷你龍,2,扭扭睡,普通3,2,false,false,30,334
474,147,迷你龍,3,鬆開睡,超級4,8,false,false,37,548
475,147,迷你龍,4,大肚上睡,高級1,10,true,false,40,672
476,148,哈克龍,1,盤圈睡,超級1,5,false,false,18,122
477,148,哈克龍,2,扭扭睡,超級5,9,false,false,33,407
478,148,哈克龍,3,鬆開睡,大師1,15,false,false,47,1008
479,148,哈克龍,4,大肚上睡,大師1,15,true,false,51,1265
480,149,快龍,1,窩起來睡,大師6,20,false,false,50,1216
481,149,快龍,2,坐著睡,大師10,24,false,false,60,2029
482,149,快龍,3,露肚子睡,大師16,30,false,false,74,4088
483,149,快龍,4,大肚上睡,大師11,25,true,false,78,4882
484,280,拉魯拉絲,1,撲著睡,普通1,0,false,false,2,8
485,280,拉魯拉絲,2,扭捏睡,普通2,1,false,false,28,285
486,280,拉魯拉絲,3,笑嘻嘻睡,超級3,7,false,false,35,475
487,280,拉魯拉絲,4,大肚上睡,超級1,5,true,false,38,583
488,281,奇魯莉安,1,坐著行禮睡,普通5,4,false,false,18,122
489,281,奇魯莉安,2,行禮睡,超級4,8,false,false,33,407
490,281,奇魯莉安,3,邊跳舞邊睡,高級5,14,false,false,47,1008
491,281,奇魯莉安,4,大肚上睡,高級1,10,true,false,51,1265
492,282,沙奈朵,1,搖搖衣擺睡,大師1,15,false,false,37,548
493,282,沙奈朵,2,羞羞睡,大師5,19,false,false,47,1008
494,282,沙奈朵,3,衣擺飄起睡,大師11,25,false,false,61,2138
495,282,沙奈朵,4,大肚上睡,大師6,20,true,false,65,2562
496,475,艾路雷朵,1,彬彬有禮睡,大師3,17,false,false,44,837
497,475,艾路雷朵,2,居合斬睡,大師7,21,false,false,54,1463
498,475,艾路雷朵,3,夢中居合斬睡,大師13,27,false,false,68,3052
499,475,艾路雷朵,4,大肚上睡,大師8,22,true,false,72,3674
500,759,童偶熊,1,碰咚碰咚睡,普通1,0,false,false,4,15
501,759,童偶熊,2,撐地睡,普通5,4,false,false,29,310
502,759,童偶熊,3,抱圓木睡,高級1,10,false,false,36,515
503,759,童偶熊,4,大肚上睡,高級1,10,true,false,40,672
504,760,穿著熊,1,坐著睡,超級5,9,false,false,21,158
505,760,穿著熊,2,呆立睡,高級4,13,false,false,36,515
506,760,穿著熊,3,抱圓木睡,大師5,19,false,false,50,1216
507,760,穿著熊,4,大肚上睡,大師6,20,true,false,54,1463
508,702,咚咚鼠,1,捲尾巴睡,超級1,5,false,false,23,188
509,702,咚咚鼠,2,搓搓臉睡,超級5,9,false,false,40,672
510,702,咚咚鼠,3,蹭蹭臉頰睡,大師1,15,false,false,54,1463
511,702,咚咚鼠,4,大肚上睡,高級1,10,true,false,58,1807
534,906,新葉喵,1,收手手睡,普通1,0,false,false,6,25
535,906,新葉喵,2,揉揉踏踏睡,普通4,3,false,false,29,310
536,906,新葉喵,3,肚子朝天睡,超級5,9,false,false,45,881
537,906,新葉喵,4,大肚上睡,高級1,10,true,false,47,1008
538,907,蒂蕾喵,1,窩起來睡,超級1,5,false,false,17,112
539,907,蒂蕾喵,2,呆立睡,超級5,9,false,false,36,515
540,907,蒂蕾喵,3,嬉鬧睡,大師1,15,false,false,53,1387
541,907,蒂蕾喵,4,大肚上睡,大師1,15,true,false,57,1729
542,908,魔幻假面喵,1,窩起來睡,大師1,15,false,false,41,714
543,908,魔幻假面喵,2,鞠躬睡,大師5,19,false,false,53,1387
544,908,魔幻假面喵,3,魔術師睡,大師11,25,false,false,72,3674
545,908,魔幻假面喵,4,大肚上睡,大師6,20,true,false,75,4309
558,912,潤水鴨,1,坐著睡,普通1,0,false,false,6,25
559,912,潤水鴨,2,撥髮睡,普通4,3,false,false,29,310
560,912,潤水鴨,3,亂蓬蓬睡,超級5,9,false,false,45,881
561,912,潤水鴨,4,大肚上睡,高級1,10,true,false,47,1008
562,913,湧躍鴨,1,立單膝睡,超級1,5,false,false,17,112
563,913,湧躍鴨,2,撥髮睡,超級5,9,false,false,36,515
564,913,湧躍鴨,3,髮亂亂睡,大師1,15,false,false,53,1387
565,913,湧躍鴨,4,大肚上睡,大師1,15,true,false,57,1729
566,914,狂歡浪舞鴨,1,立單膝睡,大師1,15,false,false,41,714
567,914,狂歡浪舞鴨,2,招牌姿勢睡,大師5,19,false,false,53,1387
568,914,狂歡浪舞鴨,3,夢中起舞睡,大師11,25,false,false,72,3674
569,914,狂歡浪舞鴨,4,大肚上睡,大師6,20,true,false,75,4309
578,245,水君,1,蓄力睡,大師3,17,false,true,50,1216
579,245,水君,2,冥想睡,大師7,21,false,true,70,3423
580,245,水君,3,北風睡,大師13,27,false,true,87,7242
672,517,食夢夢,1,夢之煙霧睡,普通1,0,false,false,4,15
673,517,食夢夢,2,飄飄滾滾睡,普通4,3,false,false,21,158
674,517,食夢夢,3,食夢睡,超級5,9,false,false,35,475
675,518,夢夢蝕,1,飄飄蹭蹭睡,大師1,15,false,false,38,583
676,518,夢夢蝕,2,搓搓臉睡,大師5,19,false,false,55,1554
677,518,夢夢蝕,3,夢之煙霧睡,大師11,25,false,false,71,3545
678,488,克雷色利亞,1,撲著睡,大師3,17,false,true,51,1265
679,488,克雷色利亞,2,打盹飄飄睡,大師7,21,false,true,71,3545
680,488,克雷色利亞,3,新月祈禱睡,大師13,27,false,true,88,7588
712,252,木守宮,1,坐著睡,普通1,0,false,false,7,32
713,252,木守宮,2,搓搓臉睡,普通4,3,false,false,30,334
714,252,木守宮,3,夢中攀爬睡,超級5,9,false,false,46,942
715,252,木守宮,4,大肚上睡,普通5,4,true,false,48,1077
716,253,森林蜥蜴,1,立單膝睡,超級1,5,false,false,18,122
717,253,森林蜥蜴,2,夢中備戰睡,超級5,9,false,false,37,548
718,253,森林蜥蜴,3,葉子裹裹睡,大師1,15,false,false,54,1463
719,253,森林蜥蜴,4,大肚上睡,高級1,10,true,false,58,1807
720,254,蜥蜴王,1,沉甸甸睡,大師1,15,false,false,45,881
721,254,蜥蜴王,2,夢中備戰睡,大師5,19,false,false,57,1729
722,254,蜥蜴王,3,培育小樹睡,大師11,25,false,false,77,4711
723,254,蜥蜴王,4,大肚上睡,大師6,20,true,false,79,5141
724,255,火稚雞,1,窩起來睡,普通1,0,false,false,7,32
725,255,火稚雞,2,暖烘烘睡,普通4,3,false,false,30,334
726,255,火稚雞,3,滾滾睡,超級5,9,false,false,46,942
727,255,火稚雞,4,大肚上睡,普通5,4,true,false,48,1077
728,256,力壯雞,1,坐著睡,超級1,5,false,false,18,122
729,256,力壯雞,2,跳跳睡,超級5,9,false,false,37,548
730,256,力壯雞,3,踢踢睡,大師1,15,false,false,54,1463
731,256,力壯雞,4,大肚上睡,高級1,10,true,false,58,1807
732,257,火焰雞,1,立單膝睡,大師1,15,false,false,45,881
733,257,火焰雞,2,聚氣睡,大師5,19,false,false,57,1729
734,257,火焰雞,3,火焰踢睡,大師11,25,false,false,77,4711
735,257,火焰雞,4,大肚上睡,大師6,20,true,false,79,5141
768,177,天然雀,1,夢中跳躍睡,普通1,0,false,false,10,55
769,177,天然雀,2,展翅睡,普通4,3,false,false,25,219
770,177,天然雀,3,拍拍睡,超級5,9,false,false,46,942
771,177,天然雀,4,大肚上睡,普通5,4,true,false,50,1216
855,380,拉帝亞斯,1,浮空振翅睡,大師3,17,false,true,52,1313
856,380,拉帝亞斯,2,優雅飛行睡,大師7,21,false,true,72,3674
857,380,拉帝亞斯,3,無限之光睡,大師13,27,false,true,90,8336
858,132,百變怪,4,夢幻睡,超級4,8,false,true,68,3052
874,780,老翁龍,1,伸脖子睡,高級3,12,false,true,30,334
875,780,老翁龍,2,扭扭睡,大師2,16,false,true,52,1313
876,780,老翁龍,3,背當枕頭睡,大師8,22,false,true,74,4088
877,780,老翁龍,4,大肚上睡,大師3,17,true,true,79,5141
878,381,拉帝歐斯,1,浮空振翅睡,大師3,17,false,true,52,1313
879,381,拉帝歐斯,2,優雅飛行睡,大師7,21,false,true,72,3674
880,381,拉帝歐斯,3,無限氣場睡,大師13,27,false,true,90,8336
883,387,草苗龜,1,撲著睡,普通1,0,false,true,7,32
884,387,草苗龜,2,蹂蹂踏踏睡,普通4,3,false,true,30,334
885,387,草苗龜,3,水滴落下睡,超級5,9,false,true,47,1008
886,387,草苗龜,4,大肚上睡,普通5,4,true,true,49,1150
887,388,樹林龜,1,打盹睡,超級1,5,false,true,18,122
888,388,樹林龜,2,踏步睡,超級5,9,false,true,37,548
889,388,樹林龜,3,玩葉子睡,大師1,15,false,true,55,1554
890,388,樹林龜,4,大肚上睡,高級1,10,true,true,59,1924
891,389,土台龜,1,沉甸甸睡,大師1,15,false,true,45,881
892,389,土台龜,2,踏步睡,大師5,19,false,true,57,1729
893,389,土台龜,3,背上給住睡,大師11,25,false,true,78,4882
919,701,摔角鷹人,1,裹起來睡,高級4,13,false,true,30,334
920,701,摔角鷹人,2,拳頭擊掌睡,大師3,17,false,true,55,1554
921,701,摔角鷹人,3,招牌姿勢睡,大師9,23,false,true,78,4882
922,701,摔角鷹人,4,大肚上睡,大師4,18,true,true,81,5674
